date,book,price
2025-12-31 20:00,Absolute DC: The New Frontier (2025 Edition),Rs.23434
2025-12-31 20:09,Absolute DC: The New Frontier (2025 Edition),Rs.23434
2025-12-31 20:14,Absolute DC: The New Frontier (2025 Edition),Rs.23434
2025-12-31 20:26,Absolute DC: The New Frontier (2025 Edition),Rs.23434
2025-12-31 20:39,Absolute DC: The New Frontier (2025 Edition),Rs.23434
2025-12-31 20:46,Absolute DC: The New Frontier (2025 Edition),Rs.23434
2025-12-31 20:51,Absolute DC: The New Frontier (2025 Edition),Rs.23434
2025-12-31 21:02,Absolute DC: The New Frontier (2025 Edition),Rs.23434
2025-12-31 21:07,Absolute DC: The New Frontier (2025 Edition),Rs.23434
2026-01-01 10:14,Absolute DC: The New Frontier (2025 Edition),Rs.23434
2026-01-02 10:13,Absolute DC: The New Frontier (2025 Edition),Rs.23434
2025-12-31 21:02,Absolute Justice League: The World'S Greatest Super‑Heroes By Alex Ross & Paul Dini (New Edition),Rs.19234
2025-12-31 21:07,Absolute Justice League: The World'S Greatest Super‑Heroes By Alex Ross & Paul Dini (New Edition),Rs.19234
2026-01-01 10:14,Absolute Justice League: The World'S Greatest Super‑Heroes By Alex Ross & Paul Dini (New Edition),Rs.19234
2026-01-02 10:13,Absolute Justice League: The World'S Greatest Super‑Heroes By Alex Ross & Paul Dini (New Edition),Rs.19234
2025-12-31 20:00,Absolute Justice League: The World’S Greatest Super‑Heroes By Alex Ross & Paul Dini (New Edition),Rs.19234
2025-12-31 20:09,Absolute Justice League: The World’S Greatest Super‑Heroes By Alex Ross & Paul Dini (New Edition),Rs.19234
2025-12-31 20:14,Absolute Justice League: The World’S Greatest Super‑Heroes By Alex Ross & Paul Dini (New Edition),Rs.19234
2025-12-31 20:26,Absolute Justice League: The World’S Greatest Super‑Heroes By Alex Ross & Paul Dini (New Edition),Rs.19234
2025-12-31 20:39,Absolute Justice League: The World’S Greatest Super‑Heroes By Alex Ross & Paul Dini (New Edition),Rs.19234
2025-12-31 20:46,Absolute Justice League: The World’S Greatest Super‑Heroes By Alex Ross & Paul Dini (New Edition),Rs.19234
2025-12-31 20:51,Absolute Justice League: The World’S Greatest Super‑Heroes By Alex Ross & Paul Dini (New Edition),Rs.19234
2025-12-31 20:00,Absolute Kingdom Come (New Edition),Rs.19421
2025-12-31 20:09,Absolute Kingdom Come (New Edition),Rs.19421
2025-12-31 20:14,Absolute Kingdom Come (New Edition),Rs.19421
2025-12-31 20:26,Absolute Kingdom Come (New Edition),Rs.19421
2025-12-31 20:39,Absolute Kingdom Come (New Edition),Rs.19421
2025-12-31 20:46,Absolute Kingdom Come (New Edition),Rs.19421
2025-12-31 20:51,Absolute Kingdom Come (New Edition),Rs.19421
2025-12-31 21:02,Absolute Kingdom Come (New Edition),Rs.19421
2025-12-31 21:07,Absolute Kingdom Come (New Edition),Rs.19421
2026-01-01 10:14,Absolute Kingdom Come (New Edition),Rs.19421
2026-01-02 10:13,Absolute Kingdom Come (New Edition),Rs.19421
2025-12-31 20:00,Absolute Superman For All Seasons,Rs.18671
2025-12-31 20:09,Absolute Superman For All Seasons,Rs.18671
2025-12-31 20:14,Absolute Superman For All Seasons,Rs.18671
2025-12-31 20:26,Absolute Superman For All Seasons,Rs.18671
2025-12-31 20:39,Absolute Superman For All Seasons,Rs.18671
2025-12-31 20:46,Absolute Superman For All Seasons,Rs.18671
2025-12-31 20:51,Absolute Superman For All Seasons,Rs.18671
2025-12-31 21:02,Absolute Superman For All Seasons,Rs.18671
2025-12-31 21:07,Absolute Superman For All Seasons,Rs.18671
2026-01-01 10:14,Absolute Superman For All Seasons,Rs.18671
2026-01-02 10:13,Absolute Superman For All Seasons,Rs.18671
2025-12-31 20:00,Alice In Borderland (Volume 1),Rs.4459
2025-12-31 20:09,Alice In Borderland (Volume 1),Rs.4459
2025-12-31 20:14,Alice In Borderland (Volume 1),Rs.4459
2025-12-31 20:26,Alice In Borderland (Volume 1),Rs.4459
2025-12-31 20:39,Alice In Borderland (Volume 1),Rs.4459
2025-12-31 20:46,Alice In Borderland (Volume 1),Rs.4459
2025-12-31 20:51,Alice In Borderland (Volume 1),Rs.4459
2025-12-31 21:02,Alice In Borderland (Volume 1),Rs.4459
2025-12-31 21:07,Alice In Borderland (Volume 1),Rs.4459
2026-01-01 10:14,Alice In Borderland (Volume 1),Rs.4459
2026-01-02 10:13,Alice In Borderland (Volume 1),Rs.4459
2025-12-31 20:00,Alice In Borderland (Volume 2),Rs.3634
2025-12-31 20:09,Alice In Borderland (Volume 2),Rs.3634
2025-12-31 20:14,Alice In Borderland (Volume 2),Rs.3634
2025-12-31 20:26,Alice In Borderland (Volume 2),Rs.3634
2025-12-31 20:39,Alice In Borderland (Volume 2),Rs.3634
2025-12-31 20:46,Alice In Borderland (Volume 2),Rs.3634
2025-12-31 20:51,Alice In Borderland (Volume 2),Rs.3634
2025-12-31 21:02,Alice In Borderland (Volume 2),Rs.3634
2025-12-31 21:07,Alice In Borderland (Volume 2),Rs.3634
2026-01-01 10:14,Alice In Borderland (Volume 2),Rs.3634
2026-01-02 10:13,Alice In Borderland (Volume 2),Rs.3634
2025-12-31 20:00,Alice In Borderland (Volume 3),Rs.3671
2025-12-31 20:09,Alice In Borderland (Volume 3),Rs.3671
2025-12-31 20:14,Alice In Borderland (Volume 3),Rs.3671
2025-12-31 20:26,Alice In Borderland (Volume 3),Rs.3671
2025-12-31 20:39,Alice In Borderland (Volume 3),Rs.3671
2025-12-31 20:46,Alice In Borderland (Volume 3),Rs.3671
2025-12-31 20:51,Alice In Borderland (Volume 3),Rs.3671
2025-12-31 21:02,Alice In Borderland (Volume 3),Rs.3671
2025-12-31 21:07,Alice In Borderland (Volume 3),Rs.3671
2026-01-01 10:14,Alice In Borderland (Volume 3),Rs.3671
2026-01-02 10:13,Alice In Borderland (Volume 3),Rs.3671
2025-12-31 20:00,Alice In Borderland (Volume 4),Rs.3371
2025-12-31 20:09,Alice In Borderland (Volume 4),Rs.3371
2025-12-31 20:14,Alice In Borderland (Volume 4),Rs.3371
2025-12-31 20:26,Alice In Borderland (Volume 4),Rs.3371
2025-12-31 20:39,Alice In Borderland (Volume 4),Rs.3371
2025-12-31 20:46,Alice In Borderland (Volume 4),Rs.3371
2025-12-31 20:51,Alice In Borderland (Volume 4),Rs.3371
2025-12-31 21:02,Alice In Borderland (Volume 4),Rs.3371
2025-12-31 21:07,Alice In Borderland (Volume 4),Rs.3371
2026-01-01 10:14,Alice In Borderland (Volume 4),Rs.3371
2026-01-02 10:13,Alice In Borderland (Volume 4),Rs.3371
2025-12-31 20:00,Alice In Borderland (Volume 5),Rs.3484
2025-12-31 20:09,Alice In Borderland (Volume 5),Rs.3484
2025-12-31 20:14,Alice In Borderland (Volume 5),Rs.3484
2025-12-31 20:26,Alice In Borderland (Volume 5),Rs.3484
2025-12-31 20:39,Alice In Borderland (Volume 5),Rs.3484
2025-12-31 20:46,Alice In Borderland (Volume 5),Rs.3484
2025-12-31 20:51,Alice In Borderland (Volume 5),Rs.3484
2025-12-31 21:02,Alice In Borderland (Volume 5),Rs.3484
2025-12-31 21:07,Alice In Borderland (Volume 5),Rs.3484
2026-01-01 10:14,Alice In Borderland (Volume 5),Rs.3484
2026-01-02 10:13,Alice In Borderland (Volume 5),Rs.3484
2025-12-31 20:00,"Alice In Borderland, Vol. 6",Rs.3859
2025-12-31 20:09,"Alice In Borderland, Vol. 6",Rs.3859
2025-12-31 20:14,"Alice In Borderland, Vol. 6",Rs.3859
2025-12-31 20:26,"Alice In Borderland, Vol. 6",Rs.3859
2025-12-31 20:39,"Alice In Borderland, Vol. 6",Rs.3859
2025-12-31 20:46,"Alice In Borderland, Vol. 6",Rs.3859
2025-12-31 20:51,"Alice In Borderland, Vol. 6",Rs.3859
2025-12-31 21:02,"Alice In Borderland, Vol. 6",Rs.3859
2025-12-31 21:07,"Alice In Borderland, Vol. 6",Rs.3859
2026-01-01 10:14,"Alice In Borderland, Vol. 6",Rs.3859
2026-01-02 10:13,"Alice In Borderland, Vol. 6",Rs.3859
2025-12-31 20:00,"Alice In Borderland, Vol. 7",Rs.3821
2025-12-31 20:09,"Alice In Borderland, Vol. 7",Rs.3821
2025-12-31 20:14,"Alice In Borderland, Vol. 7",Rs.3821
2025-12-31 20:26,"Alice In Borderland, Vol. 7",Rs.3821
2025-12-31 20:39,"Alice In Borderland, Vol. 7",Rs.3821
2025-12-31 20:46,"Alice In Borderland, Vol. 7",Rs.3821
2025-12-31 20:51,"Alice In Borderland, Vol. 7",Rs.3821
2025-12-31 21:02,"Alice In Borderland, Vol. 7",Rs.3821
2025-12-31 21:07,"Alice In Borderland, Vol. 7",Rs.3821
2026-01-01 10:14,"Alice In Borderland, Vol. 7",Rs.3821
2026-01-02 10:13,"Alice In Borderland, Vol. 7",Rs.3821
2025-12-31 20:00,"Alice In Borderland, Vol. 8",Rs.3859
2025-12-31 20:09,"Alice In Borderland, Vol. 8",Rs.3859
2025-12-31 20:14,"Alice In Borderland, Vol. 8",Rs.3859
2025-12-31 20:26,"Alice In Borderland, Vol. 8",Rs.3859
2025-12-31 20:39,"Alice In Borderland, Vol. 8",Rs.3859
2025-12-31 20:46,"Alice In Borderland, Vol. 8",Rs.3859
2025-12-31 20:51,"Alice In Borderland, Vol. 8",Rs.3859
2025-12-31 21:02,"Alice In Borderland, Vol. 8",Rs.3859
2025-12-31 21:07,"Alice In Borderland, Vol. 8",Rs.3859
2026-01-01 10:14,"Alice In Borderland, Vol. 8",Rs.3859
2026-01-02 10:13,"Alice In Borderland, Vol. 8",Rs.3859
2025-12-31 20:00,"Alice In Borderland, Vol. 9",Rs.4571
2025-12-31 20:09,"Alice In Borderland, Vol. 9",Rs.4571
2025-12-31 20:14,"Alice In Borderland, Vol. 9",Rs.4571
2025-12-31 20:26,"Alice In Borderland, Vol. 9",Rs.4571
2025-12-31 20:39,"Alice In Borderland, Vol. 9",Rs.4571
2025-12-31 20:46,"Alice In Borderland, Vol. 9",Rs.4571
2025-12-31 20:51,"Alice In Borderland, Vol. 9",Rs.4571
2025-12-31 21:02,"Alice In Borderland, Vol. 9",Rs.4571
2025-12-31 21:07,"Alice In Borderland, Vol. 9",Rs.4571
2026-01-01 10:14,"Alice In Borderland, Vol. 9",Rs.4571
2026-01-02 10:13,"Alice In Borderland, Vol. 9",Rs.4571
2025-12-31 20:00,Batman By Darwyn Cooke: Absolute Edition,Rs.16496
2025-12-31 20:09,Batman By Darwyn Cooke: Absolute Edition,Rs.16496
2025-12-31 20:14,Batman By Darwyn Cooke: Absolute Edition,Rs.16496
2025-12-31 20:26,Batman By Darwyn Cooke: Absolute Edition,Rs.16496
2025-12-31 20:39,Batman By Darwyn Cooke: Absolute Edition,Rs.16496
2025-12-31 20:46,Batman By Darwyn Cooke: Absolute Edition,Rs.16496
2025-12-31 20:51,Batman By Darwyn Cooke: Absolute Edition,Rs.16496
2025-12-31 21:02,Batman By Darwyn Cooke: Absolute Edition,Rs.16496
2025-12-31 21:07,Batman By Darwyn Cooke: Absolute Edition,Rs.16496
2026-01-01 10:14,Batman By Darwyn Cooke: Absolute Edition,Rs.16496
2026-01-02 10:13,Batman By Darwyn Cooke: Absolute Edition,Rs.16496
2025-12-31 20:00,Batman By Jeph Loeb & Tim Sale Omnibus,Rs.23884
2025-12-31 20:09,Batman By Jeph Loeb & Tim Sale Omnibus,Rs.23884
2025-12-31 20:14,Batman By Jeph Loeb & Tim Sale Omnibus,Rs.23884
2025-12-31 20:26,Batman By Jeph Loeb & Tim Sale Omnibus,Rs.23884
2025-12-31 20:39,Batman By Jeph Loeb & Tim Sale Omnibus,Rs.23884
2025-12-31 20:46,Batman By Jeph Loeb & Tim Sale Omnibus,Rs.23884
2025-12-31 20:51,Batman By Jeph Loeb & Tim Sale Omnibus,Rs.23884
2025-12-31 21:02,Batman By Jeph Loeb & Tim Sale Omnibus,Rs.23884
2025-12-31 21:07,Batman By Jeph Loeb & Tim Sale Omnibus,Rs.23884
2026-01-01 10:14,Batman By Jeph Loeb & Tim Sale Omnibus,Rs.23884
2026-01-02 10:13,Batman By Jeph Loeb & Tim Sale Omnibus,Rs.23884
2025-12-31 20:00,Batman By Paul Dini Omnibus (New Edition),Rs.22909
2025-12-31 20:09,Batman By Paul Dini Omnibus (New Edition),Rs.22909
2025-12-31 20:14,Batman By Paul Dini Omnibus (New Edition),Rs.22909
2025-12-31 20:26,Batman By Paul Dini Omnibus (New Edition),Rs.22909
2025-12-31 20:39,Batman By Paul Dini Omnibus (New Edition),Rs.22909
2025-12-31 20:46,Batman By Paul Dini Omnibus (New Edition),Rs.22909
2025-12-31 20:51,Batman By Paul Dini Omnibus (New Edition),Rs.22909
2025-12-31 21:02,Batman By Paul Dini Omnibus (New Edition),Rs.22909
2025-12-31 21:07,Batman By Paul Dini Omnibus (New Edition),Rs.22909
2026-01-01 10:14,Batman By Paul Dini Omnibus (New Edition),Rs.22909
2026-01-02 10:13,Batman By Paul Dini Omnibus (New Edition),Rs.22909
2025-12-31 20:00,Batman: Hush 20th Anniversary Edition (Volume 58),Rs.9371
2025-12-31 20:09,Batman: Hush 20th Anniversary Edition (Volume 58),Rs.9371
2025-12-31 20:14,Batman: Hush 20th Anniversary Edition (Volume 58),Rs.9371
2025-12-31 20:26,Batman: Hush 20th Anniversary Edition (Volume 58),Rs.9371
2025-12-31 20:39,Batman: Hush 20th Anniversary Edition (Volume 58),Rs.9371
2025-12-31 20:46,Batman: Hush 20th Anniversary Edition (Volume 58),Rs.9371
2025-12-31 20:51,Batman: Hush 20th Anniversary Edition (Volume 58),Rs.9371
2025-12-31 21:02,Batman: Hush 20th Anniversary Edition (Volume 58),Rs.9371
2025-12-31 21:07,Batman: Hush 20th Anniversary Edition (Volume 58),Rs.9371
2026-01-01 10:14,Batman: Hush 20th Anniversary Edition (Volume 58),Rs.9371
2026-01-02 10:13,Batman: Hush 20th Anniversary Edition (Volume 58),Rs.9371
2025-12-31 20:00,Batman: Omnibus (Volume 1),Rs.25121
2025-12-31 20:09,Batman: Omnibus (Volume 1),Rs.25121
2025-12-31 20:14,Batman: Omnibus (Volume 1),Rs.25121
2025-12-31 20:26,Batman: Omnibus (Volume 1),Rs.25121
2025-12-31 20:39,Batman: Omnibus (Volume 1),Rs.25121
2025-12-31 20:46,Batman: Omnibus (Volume 1),Rs.25121
2025-12-31 20:51,Batman: Omnibus (Volume 1),Rs.25121
2025-12-31 21:02,Batman: Omnibus (Volume 1),Rs.25121
2025-12-31 21:07,Batman: Omnibus (Volume 1),Rs.25121
2026-01-01 10:14,Batman: Omnibus (Volume 1),Rs.25121
2026-01-02 10:13,Batman: Omnibus (Volume 1),Rs.25121
2025-12-31 20:00,Death: The Deluxe Edition (2022 Edition),Rs.6146
2025-12-31 20:09,Death: The Deluxe Edition (2022 Edition),Rs.6146
2025-12-31 20:14,Death: The Deluxe Edition (2022 Edition),Rs.6146
2025-12-31 20:26,Death: The Deluxe Edition (2022 Edition),Rs.6146
2025-12-31 20:39,Death: The Deluxe Edition (2022 Edition),Rs.6146
2025-12-31 20:46,Death: The Deluxe Edition (2022 Edition),Rs.6146
2025-12-31 20:51,Death: The Deluxe Edition (2022 Edition),Rs.6146
2025-12-31 21:02,Death: The Deluxe Edition (2022 Edition),Rs.6146
2025-12-31 21:07,Death: The Deluxe Edition (2022 Edition),Rs.6146
2026-01-01 10:14,Death: The Deluxe Edition (2022 Edition),Rs.6146
2026-01-02 10:13,Death: The Deluxe Edition (2022 Edition),Rs.6146
2025-12-31 20:00,Doctor Strange By Jed Mackay Omnibus,Rs.19609
2025-12-31 20:09,Doctor Strange By Jed Mackay Omnibus,Rs.19609
2025-12-31 20:14,Doctor Strange By Jed Mackay Omnibus,Rs.19609
2025-12-31 20:26,Doctor Strange By Jed Mackay Omnibus,Rs.19609
2025-12-31 20:39,Doctor Strange By Jed Mackay Omnibus,Rs.19609
2025-12-31 20:46,Doctor Strange By Jed Mackay Omnibus,Rs.19609
2025-12-31 20:51,Doctor Strange By Jed Mackay Omnibus,Rs.19609
2025-12-31 21:02,Doctor Strange By Jed Mackay Omnibus,Rs.19609
2025-12-31 21:07,Doctor Strange By Jed Mackay Omnibus,Rs.19609
2026-01-01 10:14,Doctor Strange By Jed Mackay Omnibus,Rs.19609
2026-01-02 10:13,Doctor Strange By Jed Mackay Omnibus,Rs.19609
2025-12-31 20:00,Gotham Central Omnibus (2022 Edition),Rs.18784
2025-12-31 20:09,Gotham Central Omnibus (2022 Edition),Rs.18784
2025-12-31 20:14,Gotham Central Omnibus (2022 Edition),Rs.18784
2025-12-31 20:26,Gotham Central Omnibus (2022 Edition),Rs.18784
2025-12-31 20:39,Gotham Central Omnibus (2022 Edition),Rs.18784
2025-12-31 20:46,Gotham Central Omnibus (2022 Edition),Rs.18784
2025-12-31 20:51,Gotham Central Omnibus (2022 Edition),Rs.18784
2025-12-31 21:02,Gotham Central Omnibus (2022 Edition),Rs.18784
2025-12-31 21:07,Gotham Central Omnibus (2022 Edition),Rs.18784
2026-01-01 10:14,Gotham Central Omnibus (2022 Edition),Rs.18784
2026-01-02 10:13,Gotham Central Omnibus (2022 Edition),Rs.18784
2025-12-31 20:00,Green Lantern: Earth One (Volume 1),Rs.4721
2025-12-31 20:09,Green Lantern: Earth One (Volume 1),Rs.4721
2025-12-31 20:14,Green Lantern: Earth One (Volume 1),Rs.4721
2025-12-31 20:26,Green Lantern: Earth One (Volume 1),Rs.4721
2025-12-31 20:39,Green Lantern: Earth One (Volume 1),Rs.4721
2025-12-31 20:46,Green Lantern: Earth One (Volume 1),Rs.4721
2025-12-31 20:51,Green Lantern: Earth One (Volume 1),Rs.4721
2025-12-31 21:02,Green Lantern: Earth One (Volume 1),Rs.4721
2025-12-31 21:07,Green Lantern: Earth One (Volume 1),Rs.4721
2026-01-01 10:14,Green Lantern: Earth One (Volume 1),Rs.4721
2026-01-02 10:13,Green Lantern: Earth One (Volume 1),Rs.4721
2025-12-31 20:00,Hawkeye By Fraction & Aja Omnibus [New Printing],Rs.18409
2025-12-31 20:09,Hawkeye By Fraction & Aja Omnibus [New Printing],Rs.18409
2025-12-31 20:14,Hawkeye By Fraction & Aja Omnibus [New Printing],Rs.18409
2025-12-31 20:26,Hawkeye By Fraction & Aja Omnibus [New Printing],Rs.18409
2025-12-31 20:39,Hawkeye By Fraction & Aja Omnibus [New Printing],Rs.18409
2025-12-31 20:46,Hawkeye By Fraction & Aja Omnibus [New Printing],Rs.18409
2025-12-31 20:51,Hawkeye By Fraction & Aja Omnibus [New Printing],Rs.18409
2025-12-31 21:02,Hawkeye By Fraction & Aja Omnibus [New Printing],Rs.18409
2025-12-31 21:07,Hawkeye By Fraction & Aja Omnibus [New Printing],Rs.18409
2026-01-01 10:14,Hawkeye By Fraction & Aja Omnibus [New Printing],Rs.18409
2026-01-02 10:13,Hawkeye By Fraction & Aja Omnibus [New Printing],Rs.18409
2025-12-31 20:00,Loki: God Of Stories Omnibus,Rs.23996
2025-12-31 20:09,Loki: God Of Stories Omnibus,Rs.23996
2025-12-31 20:14,Loki: God Of Stories Omnibus,Rs.23996
2025-12-31 20:26,Loki: God Of Stories Omnibus,Rs.23996
2025-12-31 20:39,Loki: God Of Stories Omnibus,Rs.23996
2025-12-31 20:46,Loki: God Of Stories Omnibus,Rs.23996
2025-12-31 20:51,Loki: God Of Stories Omnibus,Rs.23996
2025-12-31 21:02,Loki: God Of Stories Omnibus,Rs.23996
2025-12-31 21:07,Loki: God Of Stories Omnibus,Rs.23996
2026-01-01 10:14,Loki: God Of Stories Omnibus,Rs.23996
2026-01-02 10:13,Loki: God Of Stories Omnibus,Rs.23996
2025-12-31 20:00,Lucifer Omnibus Vol. 1 (The Sandman Universe Classics),Rs.23471
2025-12-31 20:09,Lucifer Omnibus Vol. 1 (The Sandman Universe Classics),Rs.23471
2025-12-31 20:14,Lucifer Omnibus Vol. 1 (The Sandman Universe Classics),Rs.23471
2025-12-31 20:26,Lucifer Omnibus Vol. 1 (The Sandman Universe Classics),Rs.23471
2025-12-31 20:39,Lucifer Omnibus Vol. 1 (The Sandman Universe Classics),Rs.23471
2025-12-31 20:46,Lucifer Omnibus Vol. 1 (The Sandman Universe Classics),Rs.23471
2025-12-31 20:51,Lucifer Omnibus Vol. 1 (The Sandman Universe Classics),Rs.23471
2025-12-31 21:02,Lucifer Omnibus Vol. 1 (The Sandman Universe Classics),Rs.23471
2025-12-31 21:07,Lucifer Omnibus Vol. 1 (The Sandman Universe Classics),Rs.23471
2026-01-01 10:14,Lucifer Omnibus Vol. 1 (The Sandman Universe Classics),Rs.23471
2026-01-02 10:13,Lucifer Omnibus Vol. 1 (The Sandman Universe Classics),Rs.23471
2025-12-31 20:00,Lucifer Omnibus Vol. 2 (The Sandman Universe Classics),Rs.23359
2025-12-31 20:09,Lucifer Omnibus Vol. 2 (The Sandman Universe Classics),Rs.23359
2025-12-31 20:14,Lucifer Omnibus Vol. 2 (The Sandman Universe Classics),Rs.23359
2025-12-31 20:26,Lucifer Omnibus Vol. 2 (The Sandman Universe Classics),Rs.23359
2025-12-31 20:39,Lucifer Omnibus Vol. 2 (The Sandman Universe Classics),Rs.23359
2025-12-31 20:46,Lucifer Omnibus Vol. 2 (The Sandman Universe Classics),Rs.23359
2025-12-31 20:51,Lucifer Omnibus Vol. 2 (The Sandman Universe Classics),Rs.23359
2025-12-31 21:02,Lucifer Omnibus Vol. 2 (The Sandman Universe Classics),Rs.23359
2025-12-31 21:07,Lucifer Omnibus Vol. 2 (The Sandman Universe Classics),Rs.23359
2026-01-01 10:14,Lucifer Omnibus Vol. 2 (The Sandman Universe Classics),Rs.23359
2026-01-02 10:13,Lucifer Omnibus Vol. 2 (The Sandman Universe Classics),Rs.23359
2025-12-31 20:00,Noel: Batman (Volume 1),Rs.3971
2025-12-31 20:09,Noel: Batman (Volume 1),Rs.3971
2025-12-31 20:14,Noel: Batman (Volume 1),Rs.3971
2025-12-31 20:26,Noel: Batman (Volume 1),Rs.3971
2025-12-31 20:39,Noel: Batman (Volume 1),Rs.3971
2025-12-31 20:46,Noel: Batman (Volume 1),Rs.3971
2025-12-31 20:51,Noel: Batman (Volume 1),Rs.3971
2025-12-31 21:02,Noel: Batman (Volume 1),Rs.3971
2025-12-31 21:07,Noel: Batman (Volume 1),Rs.3971
2026-01-01 10:14,Noel: Batman (Volume 1),Rs.3971
2026-01-02 10:13,Noel: Batman (Volume 1),Rs.3971
2025-12-31 20:00,Spider-Man By Chip Zdarsky Omnibus,Rs.23846
2025-12-31 20:09,Spider-Man By Chip Zdarsky Omnibus,Rs.23846
2025-12-31 20:14,Spider-Man By Chip Zdarsky Omnibus,Rs.23846
2025-12-31 20:26,Spider-Man By Chip Zdarsky Omnibus,Rs.23846
2025-12-31 20:39,Spider-Man By Chip Zdarsky Omnibus,Rs.23846
2025-12-31 20:46,Spider-Man By Chip Zdarsky Omnibus,Rs.23846
2025-12-31 20:51,Spider-Man By Chip Zdarsky Omnibus,Rs.23846
2025-12-31 21:02,Spider-Man By Chip Zdarsky Omnibus,Rs.23846
2025-12-31 21:07,Spider-Man By Chip Zdarsky Omnibus,Rs.23846
2026-01-01 10:14,Spider-Man By Chip Zdarsky Omnibus,Rs.23846
2026-01-02 10:13,Spider-Man By Chip Zdarsky Omnibus,Rs.23846
2025-12-31 20:00,Superior Spider-Man Omnibus Vol. 1,Rs.23884
2025-12-31 20:09,Superior Spider-Man Omnibus Vol. 1,Rs.23884
2025-12-31 20:14,Superior Spider-Man Omnibus Vol. 1,Rs.23884
2025-12-31 20:26,Superior Spider-Man Omnibus Vol. 1,Rs.23884
2025-12-31 20:39,Superior Spider-Man Omnibus Vol. 1,Rs.23884
2025-12-31 20:46,Superior Spider-Man Omnibus Vol. 1,Rs.23884
2025-12-31 20:51,Superior Spider-Man Omnibus Vol. 1,Rs.23884
2025-12-31 21:02,Superior Spider-Man Omnibus Vol. 1,Rs.23884
2025-12-31 21:07,Superior Spider-Man Omnibus Vol. 1,Rs.23884
2026-01-01 10:14,Superior Spider-Man Omnibus Vol. 1,Rs.23884
2026-01-02 10:13,Superior Spider-Man Omnibus Vol. 1,Rs.23884
2025-12-31 20:00,Superman By Kurt Busiek Book One,Rs.9521
2025-12-31 20:09,Superman By Kurt Busiek Book One,Rs.9521
2025-12-31 20:14,Superman By Kurt Busiek Book One,Rs.9521
2025-12-31 20:26,Superman By Kurt Busiek Book One,Rs.9521
2025-12-31 20:39,Superman By Kurt Busiek Book One,Rs.9521
2025-12-31 20:46,Superman By Kurt Busiek Book One,Rs.9521
2025-12-31 20:51,Superman By Kurt Busiek Book One,Rs.9521
2025-12-31 21:02,Superman By Kurt Busiek Book One,Rs.9521
2025-12-31 21:07,Superman By Kurt Busiek Book One,Rs.9521
2026-01-01 10:14,Superman By Kurt Busiek Book One,Rs.9521
2026-01-02 10:13,Superman By Kurt Busiek Book One,Rs.9521
2025-12-31 20:00,Superman By Kurt Busiek Book Two,Rs.9484
2025-12-31 20:09,Superman By Kurt Busiek Book Two,Rs.9484
2025-12-31 20:14,Superman By Kurt Busiek Book Two,Rs.9484
2025-12-31 20:26,Superman By Kurt Busiek Book Two,Rs.9484
2025-12-31 20:39,Superman By Kurt Busiek Book Two,Rs.9484
2025-12-31 20:46,Superman By Kurt Busiek Book Two,Rs.9484
2025-12-31 20:51,Superman By Kurt Busiek Book Two,Rs.9484
2025-12-31 21:02,Superman By Kurt Busiek Book Two,Rs.9484
2025-12-31 21:07,Superman By Kurt Busiek Book Two,Rs.9484
2026-01-01 10:14,Superman By Kurt Busiek Book Two,Rs.9484
2026-01-02 10:13,Superman By Kurt Busiek Book Two,Rs.9484
2025-12-31 20:00,Superman Smashes The Klan,Rs.3221
2025-12-31 20:09,Superman Smashes The Klan,Rs.3221
2025-12-31 20:14,Superman Smashes The Klan,Rs.3221
2025-12-31 20:26,Superman Smashes The Klan,Rs.3221
2025-12-31 20:39,Superman Smashes The Klan,Rs.3221
2025-12-31 20:46,Superman Smashes The Klan,Rs.3221
2025-12-31 20:51,Superman Smashes The Klan,Rs.3221
2025-12-31 21:02,Superman Smashes The Klan,Rs.3221
2025-12-31 21:07,Superman Smashes The Klan,Rs.3221
2026-01-01 10:14,Superman Smashes The Klan,Rs.3221
2026-01-02 10:13,Superman Smashes The Klan,Rs.3221
2025-12-31 20:00,Superman: Birthright The Deluxe Edition (Volume 1),Rs.9259
2025-12-31 20:09,Superman: Birthright The Deluxe Edition (Volume 1),Rs.9259
2025-12-31 20:14,Superman: Birthright The Deluxe Edition (Volume 1),Rs.9259
2025-12-31 20:26,Superman: Birthright The Deluxe Edition (Volume 1),Rs.9259
2025-12-31 20:39,Superman: Birthright The Deluxe Edition (Volume 1),Rs.9259
2025-12-31 20:46,Superman: Birthright The Deluxe Edition (Volume 1),Rs.9259
2025-12-31 20:51,Superman: Birthright The Deluxe Edition (Volume 1),Rs.9259
2025-12-31 21:02,Superman: Birthright The Deluxe Edition (Volume 1),Rs.9259
2025-12-31 21:07,Superman: Birthright The Deluxe Edition (Volume 1),Rs.9259
2026-01-01 10:14,Superman: Birthright The Deluxe Edition (Volume 1),Rs.9259
2026-01-02 10:13,Superman: Birthright The Deluxe Edition (Volume 1),Rs.9259
2025-12-31 20:00,Superman: The Last Days of Lex Luthor,Rs.5659
2025-12-31 20:09,Superman: The Last Days of Lex Luthor,Rs.5659
2025-12-31 20:14,Superman: The Last Days of Lex Luthor,Rs.5659
2025-12-31 20:26,Superman: The Last Days of Lex Luthor,Rs.5659
2025-12-31 20:39,Superman: The Last Days of Lex Luthor,Rs.5659
2025-12-31 20:46,Superman: The Last Days of Lex Luthor,Rs.5659
2025-12-31 20:51,Superman: The Last Days of Lex Luthor,Rs.5659
2025-12-31 21:02,Superman: The Last Days of Lex Luthor,Rs.5659
2025-12-31 21:07,Superman: The Last Days of Lex Luthor,Rs.5659
2026-01-01 10:14,Superman: The Last Days of Lex Luthor,Rs.5659
2026-01-02 10:13,Superman: The Last Days of Lex Luthor,Rs.5659
2025-12-31 20:00,The Animal Man Omnibus (2022 Edition),Rs.18071
2025-12-31 20:09,The Animal Man Omnibus (2022 Edition),Rs.18071
2025-12-31 20:14,The Animal Man Omnibus (2022 Edition),Rs.18071
2025-12-31 20:26,The Animal Man Omnibus (2022 Edition),Rs.18071
2025-12-31 20:39,The Animal Man Omnibus (2022 Edition),Rs.18071
2025-12-31 20:46,The Animal Man Omnibus (2022 Edition),Rs.18071
2025-12-31 20:51,The Animal Man Omnibus (2022 Edition),Rs.18071
2025-12-31 21:02,The Animal Man Omnibus (2022 Edition),Rs.18071
2025-12-31 21:07,The Animal Man Omnibus (2022 Edition),Rs.18071
2026-01-01 10:14,The Animal Man Omnibus (2022 Edition),Rs.18071
2026-01-02 10:13,The Animal Man Omnibus (2022 Edition),Rs.18071
2025-12-31 20:00,The Batman Who Laughs,Rs.5696
2025-12-31 20:09,The Batman Who Laughs,Rs.5696
2025-12-31 20:14,The Batman Who Laughs,Rs.5696
2025-12-31 20:26,The Batman Who Laughs,Rs.5696
2025-12-31 20:39,The Batman Who Laughs,Rs.5696
2025-12-31 20:46,The Batman Who Laughs,Rs.5696
2025-12-31 20:51,The Batman Who Laughs,Rs.5696
2025-12-31 21:02,The Batman Who Laughs,Rs.5696
2025-12-31 21:07,The Batman Who Laughs,Rs.5696
2026-01-01 10:14,The Batman Who Laughs,Rs.5696
2026-01-02 10:13,The Batman Who Laughs,Rs.5696
2025-12-31 20:00,The Count Of Monte Cristo (Penguin Clothbound Classics),Rs.3259
2025-12-31 20:09,The Count Of Monte Cristo (Penguin Clothbound Classics),Rs.3259
2025-12-31 20:14,The Count Of Monte Cristo (Penguin Clothbound Classics),Rs.3259
2025-12-31 20:26,The Count Of Monte Cristo (Penguin Clothbound Classics),Rs.3259
2025-12-31 20:39,The Count Of Monte Cristo (Penguin Clothbound Classics),Rs.3259
2025-12-31 20:46,The Count Of Monte Cristo (Penguin Clothbound Classics),Rs.3259
2025-12-31 20:51,The Count Of Monte Cristo (Penguin Clothbound Classics),Rs.3259
2025-12-31 21:02,The Count Of Monte Cristo (Penguin Clothbound Classics),Rs.3259
2025-12-31 21:07,The Count Of Monte Cristo (Penguin Clothbound Classics),Rs.3259
2026-01-01 10:14,The Count Of Monte Cristo (Penguin Clothbound Classics),Rs.3259
2026-01-02 10:13,The Count Of Monte Cristo (Penguin Clothbound Classics),Rs.3259
2025-12-31 20:00,The Planetary Omnibus,Rs.12071
2025-12-31 20:09,The Planetary Omnibus,Rs.12071
2025-12-31 20:14,The Planetary Omnibus,Rs.12071
2025-12-31 20:26,The Planetary Omnibus,Rs.12071
2025-12-31 20:39,The Planetary Omnibus,Rs.12071
2025-12-31 20:46,The Planetary Omnibus,Rs.12071
2025-12-31 20:51,The Planetary Omnibus,Rs.12071
2025-12-31 21:02,The Planetary Omnibus,Rs.12071
2025-12-31 21:07,The Planetary Omnibus,Rs.12071
2026-01-01 10:14,The Planetary Omnibus,Rs.12071
2026-01-02 10:13,The Planetary Omnibus,Rs.12071
2025-12-31 20:00,Thor By Jason Aaron Omnibus (Volume 1),Rs.23771
2025-12-31 20:09,Thor By Jason Aaron Omnibus (Volume 1),Rs.23771
2025-12-31 20:14,Thor By Jason Aaron Omnibus (Volume 1),Rs.23771
2025-12-31 20:26,Thor By Jason Aaron Omnibus (Volume 1),Rs.23771
2025-12-31 20:39,Thor By Jason Aaron Omnibus (Volume 1),Rs.23771
2025-12-31 20:46,Thor By Jason Aaron Omnibus (Volume 1),Rs.23771
2025-12-31 20:51,Thor By Jason Aaron Omnibus (Volume 1),Rs.23771
2025-12-31 21:02,Thor By Jason Aaron Omnibus (Volume 1),Rs.23771
2025-12-31 21:07,Thor By Jason Aaron Omnibus (Volume 1),Rs.23771
2026-01-01 10:14,Thor By Jason Aaron Omnibus (Volume 1),Rs.23771
2026-01-02 10:13,Thor By Jason Aaron Omnibus (Volume 1),Rs.23771
2025-12-31 20:00,Thor By Jason Aaron Omnibus (Volume 2),Rs.28084
2025-12-31 20:09,Thor By Jason Aaron Omnibus (Volume 2),Rs.28084
2025-12-31 20:14,Thor By Jason Aaron Omnibus (Volume 2),Rs.28084
2025-12-31 20:26,Thor By Jason Aaron Omnibus (Volume 2),Rs.28084
2025-12-31 20:39,Thor By Jason Aaron Omnibus (Volume 2),Rs.28084
2025-12-31 20:46,Thor By Jason Aaron Omnibus (Volume 2),Rs.28084
2025-12-31 20:51,Thor By Jason Aaron Omnibus (Volume 2),Rs.28084
2025-12-31 21:02,Thor By Jason Aaron Omnibus (Volume 2),Rs.28084
2025-12-31 21:07,Thor By Jason Aaron Omnibus (Volume 2),Rs.28084
2026-01-01 10:14,Thor By Jason Aaron Omnibus (Volume 2),Rs.28084
2026-01-02 10:13,Thor By Jason Aaron Omnibus (Volume 2),Rs.28084
2025-12-31 20:00,Thor By Straczynski & Gillen Omnibus,Rs.24634
2025-12-31 20:09,Thor By Straczynski & Gillen Omnibus,Rs.24634
2025-12-31 20:14,Thor By Straczynski & Gillen Omnibus,Rs.24634
2025-12-31 20:26,Thor By Straczynski & Gillen Omnibus,Rs.24634
2025-12-31 20:39,Thor By Straczynski & Gillen Omnibus,Rs.24634
2025-12-31 20:46,Thor By Straczynski & Gillen Omnibus,Rs.24634
2025-12-31 20:51,Thor By Straczynski & Gillen Omnibus,Rs.24634
2025-12-31 21:02,Thor By Straczynski & Gillen Omnibus,Rs.24634
2025-12-31 21:07,Thor By Straczynski & Gillen Omnibus,Rs.24634
2026-01-01 10:14,Thor By Straczynski & Gillen Omnibus,Rs.24634
2026-01-02 10:13,Thor By Straczynski & Gillen Omnibus,Rs.24634
2025-12-31 20:00,Vision: The Complete Collection,Rs.5584
2025-12-31 20:09,Vision: The Complete Collection,Rs.5584
2025-12-31 20:14,Vision: The Complete Collection,Rs.5584
2025-12-31 20:26,Vision: The Complete Collection,Rs.5584
2025-12-31 20:39,Vision: The Complete Collection,Rs.5584
2025-12-31 20:46,Vision: The Complete Collection,Rs.5584
2025-12-31 20:51,Vision: The Complete Collection,Rs.5584
2025-12-31 21:02,Vision: The Complete Collection,Rs.5584
2025-12-31 21:07,Vision: The Complete Collection,Rs.5584
2026-01-01 10:14,Vision: The Complete Collection,Rs.5584
2026-01-02 10:13,Vision: The Complete Collection,Rs.5584
2025-12-31 20:00,Wolverine By Jason Aaron Omnibus Vol. 1 David Finch Cover [New Printing],Rs.18896
2025-12-31 20:09,Wolverine By Jason Aaron Omnibus Vol. 1 David Finch Cover [New Printing],Rs.18896
2025-12-31 20:14,Wolverine By Jason Aaron Omnibus Vol. 1 David Finch Cover [New Printing],Rs.18896
2025-12-31 20:26,Wolverine By Jason Aaron Omnibus Vol. 1 David Finch Cover [New Printing],Rs.18896
2025-12-31 20:39,Wolverine By Jason Aaron Omnibus Vol. 1 David Finch Cover [New Printing],Rs.18896
2025-12-31 20:46,Wolverine By Jason Aaron Omnibus Vol. 1 David Finch Cover [New Printing],Rs.18896
2025-12-31 20:51,Wolverine By Jason Aaron Omnibus Vol. 1 David Finch Cover [New Printing],Rs.18896
2025-12-31 21:02,Wolverine By Jason Aaron Omnibus Vol. 1 David Finch Cover [New Printing],Rs.18896
2025-12-31 21:07,Wolverine By Jason Aaron Omnibus Vol. 1 David Finch Cover [New Printing],Rs.18896
2026-01-01 10:14,Wolverine By Jason Aaron Omnibus Vol. 1 David Finch Cover [New Printing],Rs.18896
2026-01-02 10:13,Wolverine By Jason Aaron Omnibus Vol. 1 David Finch Cover [New Printing],Rs.18896
2025-12-31 20:00,Wolverine Goes To Hell Omnibus Jae Lee Cover [New Printing],Rs.24034
2025-12-31 20:09,Wolverine Goes To Hell Omnibus Jae Lee Cover [New Printing],Rs.24034
2025-12-31 20:14,Wolverine Goes To Hell Omnibus Jae Lee Cover [New Printing],Rs.24034
2025-12-31 20:26,Wolverine Goes To Hell Omnibus Jae Lee Cover [New Printing],Rs.24034
2025-12-31 20:39,Wolverine Goes To Hell Omnibus Jae Lee Cover [New Printing],Rs.24034
2025-12-31 20:46,Wolverine Goes To Hell Omnibus Jae Lee Cover [New Printing],Rs.24034
2025-12-31 20:51,Wolverine Goes To Hell Omnibus Jae Lee Cover [New Printing],Rs.24034
2025-12-31 21:02,Wolverine Goes To Hell Omnibus Jae Lee Cover [New Printing],Rs.24034
2025-12-31 21:07,Wolverine Goes To Hell Omnibus Jae Lee Cover [New Printing],Rs.24034
2026-01-01 10:14,Wolverine Goes To Hell Omnibus Jae Lee Cover [New Printing],Rs.24034
2026-01-02 10:13,Wolverine Goes To Hell Omnibus Jae Lee Cover [New Printing],Rs.24034
